day,date,temp_c,rainfall_mm,humidity_pct
1,01/09/2026,24.4,0,77
2,02/09/2026,25.9,0,74.7
3,03/09/2026,24.5,0,72.1
4,04/09/2026,26,0,76.3
5,05/09/2026,24.6,22.9,73.2
6,06/09/2026,26.1,0,69.9
7,07/09/2026,27.6,26.2,66.4
8,08/09/2026,26,0,69.7
9,09/09/2026,27.4,0,65.9
10,10/09/2026,25.8,0,62
11,11/09/2026,27.2,0,65
12,12/09/2026,28.5,21.8,61
13,13/09/2026,26.8,0,57
14,14/09/2026,28.1,25.1,53.1
15,15/09/2026,26.3,0,56.3
16,16/09/2026,27.5,0,52.6
17,17/09/2026,28.6,0,49.1
18,18/09/2026,26.7,0,52.8
19,19/09/2026,27.8,20.7,49.7
20,20/09/2026,25.8,0,46.9
21,21/09/2026,26.8,24,44.3
22,22/09/2026,27.8,0,49
23,23/09/2026,25.7,0,47
24,24/09/2026,26.6,0,45.3
25,25/09/2026,24.5,0,50.9
26,26/09/2026,25.4,19.6,49.7
27,27/09/2026,26.2,0,48.8
28,28/09/2026,24.1,22.9,48.1
29,29/09/2026,24.9,0,54.6
30,30/09/2026,22.7,0,54.3
31,01/10/2026,23.6,0,54.1
32,02/10/2026,24.4,0,61.1
33,03/10/2026,22.3,18.5,61
34,04/10/2026,23.1,0,61
35,05/10/2026,21,21.8,61
36,06/10/2026,21.9,0,67.9
37,07/10/2026,22.8,0,67.7
38,08/10/2026,20.8,0,67.4
39,09/10/2026,21.7,0,73.9
40,10/10/2026,19.7,17.4,73.2
41,11/10/2026,20.8,0,72.3
42,12/10/2026,21.8,20.7,71.1
43,13/10/2026,20,0,76.7
44,14/10/2026,21.1,0,75
45,15/10/2026,19.3,0,73
46,16/10/2026,20.5,0,77.7
47,17/10/2026,21.8,16.3,75.1
48,18/10/2026,20.1,0,72.3
49,19/10/2026,21.4,19.6,69.2
50,20/10/2026,19.8,0,72.9
51,21/10/2026,21.2,0,69.4
52,22/10/2026,22.7,0,65.7
53,23/10/2026,21.1,0,68.8
54,24/10/2026,22.6,15.2,64.9
55,25/10/2026,21.1,0,60.9
56,26/10/2026,22.7,18.5,56.9
57,27/10/2026,24.2,0,60
58,28/10/2026,22.8,0,56.1
59,29/10/2026,24.3,0,52.2
60,30/10/2026,22.9,0,55.6
